,totChl,isccp_chlor,modis_chlor,baseline,modis_chlor_swath,baseline_swath
0,0.21505128853280167,0.1791818020157092,0.18434209510477573,0.2453359710798452,0.19904086286726747,0.26278712848616564
